{"cameraMode":{"drawMode":0,"name":"Shaded","section":"Shading Mode"},"sceneLighting":false,"audioPlay":false,"sceneViewState":{"showFog":true,"showMaterialUpdate":false,"showSkybox":false,"showFlares":true,"showImageEffects":true,"showParticleSystems":true},"in2DMode":false,"pivot":{"x":702.2025146484375,"y":254.23187255859376,"z":310.55511474609377},"rotation":{"x":-0.0821230560541153,"y":0.8229876756668091,"z":-0.12096642702817917,"w":-0.549150288105011},"size":1.7481762170791627,"orthographic":true}